;;;;;;;;;;;;;;;
Investimento Inicial =;;; R$ 500,00 ;;;;;;;;;;;;
Prazo (anos) =;;;20;;;;;;;;;;;;
Rentabilidade (% aa) =;;;60%;;;;;;;;;;;;
Poupança Mensal =;;; R$ 250,00 ;;;;;;;;;;;;
;;;;;;;;;;;;;;;
Ano;Total Poupado;Total de Juros;Patrimônio Total;;;;;;;;;Sim;0%;Pre;Título Público
1; R$ 3.000,00 ; R$ 1.055,25 ; R$ 4.555,25 ;;;;;;;;;Não;15%;Pós;CDB
2; R$ 6.000,00 ; R$ 4.543,64 ; R$ 11.043,64 ;;;;;;;;;;17,5%;IPCA;Debênture
3; R$ 9.000,00 ; R$ 11.925,08 ; R$ 21.425,08 ;;;;;;;;;;20%;;LCI
4; R$ 12.000,00 ; R$ 25.535,37 ; R$ 38.035,37 ;;;;;;;;;;22,5%;;LCA
5; R$ 15.000,00 ; R$ 49.111,84 ; R$ 64.611,84 ;;;;;;;;;;;;Outro
6; R$ 18.000,00 ; R$ 88.634,19 ; R$ 107.134,19 ;;;;;;;;;;;;
7; R$ 21.000,00 ; R$ 153.669,94 ; R$ 175.169,94 ;;;;;;;;;;;;
8; R$ 24.000,00 ; R$ 259.527,16 ; R$ 284.027,16 ;;;;;;;;;;;;
9; R$ 27.000,00 ; R$ 430.698,70 ; R$ 458.198,70 ;;;;;;;;;;;;
10; R$ 30.000,00 ; R$ 706.373,17 ; R$ 736.873,17 ;;;;;;;;;;;;
11; R$ 33.000,00 ; R$ 1.149.252,32 ; R$ 1.182.752,32 ;;;;;;;;;;;;
12; R$ 36.000,00 ; R$ 1.859.658,96 ; R$ 1.896.158,96 ;;;;;;;;;;;;
13; R$ 39.000,00 ; R$ 2.998.109,58 ; R$ 3.037.609,58 ;;;;;;;;;;;;
14; R$ 42.000,00 ; R$ 4.821.430,57 ; R$ 4.863.930,57 ;;;;;;;;;;;;
15; R$ 45.000,00 ; R$ 7.740.544,16 ; R$ 7.786.044,16 ;;;;;;;;;;;;
16; R$ 48.000,00 ; R$ 12.412.925,91 ; R$ 12.461.425,91 ;;;;;;;;;;;;
17; R$ 51.000,00 ; R$ 19.890.536,70 ; R$ 19.942.036,70 ;;;;;;;;;;;;
18; R$ 54.000,00 ; R$ 31.856.513,97 ; R$ 31.911.013,97 ;;;;;;;;;;;;
19; R$ 57.000,00 ; R$ 51.003.877,59 ; R$ 51.061.377,59 ;;;;;;;;;;;;
20; R$ 60.000,00 ; R$ 81.641.459,40 ; R$ 81.701.959,40 ;;;;;;;;;;;;
;  ;  ;  ;;;;;;;;;;;;
;  ;  ;  ;;;;;;;;;;;;
;  ;  ;  ;;;;;;;;;;;;
;  ;  ;  ;;;;;;;;;;;;
;  ;  ;  ;;;;;;;;;;;;
;  ;  ;  ;;;;;;;;;;;;
;  ;  ;  ;;;;;;;;;;;;
;  ;  ;  ;;;;;;;;;;;;
;  ;  ;  ;;;;;;;;;;;;
;  ;  ;  ;;;;;;;;;;;;
;  ;  ;  ;;;;;;;;;;;;
;  ;  ;  ;;;;;;;;;;;;
;  ;  ;  ;;;;;;;;;;;;
;  ;  ;  ;;;;;;;;;;;;
;  ;  ;  ;;;;;;;;;;;;
;  ;  ;  ;;;;;;;;;;;;
;  ;  ;  ;;;;;;;;;;;;
;  ;  ;  ;;;;;;;;;;;;
;  ;  ;  ;;;;;;;;;;;;
;  ;  ;  ;;;;;;;;;;;;
;  ;  ;  ;;;;;;;;;;;;
;  ;  ;  ;;;;;;;;;;;;
;  ;  ;  ;;;;;;;;;;;;
;  ;  ;  ;;;;;;;;;;;;
;  ;  ;  ;;;;;;;;;;;;
;  ;  ;  ;;;;;;;;;;;;
;  ;  ;  ;;;;;;;;;;;;
;  ;  ;  ;;;;;;;;;;;;
;  ;  ;  ;;;;;;;;;;;;
;  ;  ;  ;;;;;;;;;;;;
;  ;  ;  ;;;;;;;;;;;;
;  ;  ;  ;;;;;;;;;;;;
;  ;  ;  ;;;;;;;;;;;;
;  ;  ;  ;;;;;;;;;;;;
;  ;  ;  ;;;;;;;;;;;;
;  ;  ;  ;;;;;;;;;;;;
;  ;  ;  ;;;;;;;;;;;;
;  ;  ;  ;;;;;;;;;;;;
;  ;  ;  ;;;;;;;;;;;;
;  ;  ;  ;;;;;;;;;;;;
;  ;  ;  ;;;;;;;;;;;;
;  ;  ;  ;;;;;;;;;;;;
;  ;  ;  ;;;;;;;;;;;;
;  ;  ;  ;;;;;;;;;;;;
;  ;  ;  ;;;;;;;;;;;;
;  ;  ;  ;;;;;;;;;;;;
;  ;  ;  ;;;;;;;;;;;;
;  ;  ;  ;;;;;;;;;;;;
;  ;  ;  ;;;;;;;;;;;;
;  ;  ;  ;;;;;;;;;;;;
;  ;  ;  ;;;;;;;;;;;;
;  ;  ;  ;;;;;;;;;;;;
;  ;  ;  ;;;;;;;;;;;;
;  ;  ;  ;;;;;;;;;;;;
;  ;  ;  ;;;;;;;;;;;;
;  ;  ;  ;;;;;;;;;;;;
;  ;  ;  ;;;;;;;;;;;;
;  ;  ;  ;;;;;;;;;;;;
;  ;  ;  ;;;;;;;;;;;;
;  ;  ;  ;;;;;;;;;;;;
;  ;  ;  ;;;;;;;;;;;;
;  ;  ;  ;;;;;;;;;;;;
;  ;  ;  ;;;;;;;;;;;;
;  ;  ;  ;;;;;;;;;;;;
;  ;  ;  ;;;;;;;;;;;;
;  ;  ;  ;;;;;;;;;;;;
;  ;  ;  ;;;;;;;;;;;;
;  ;  ;  ;;;;;;;;;;;;
;  ;  ;  ;;;;;;;;;;;;
;  ;  ;  ;;;;;;;;;;;;
;  ;  ;  ;;;;;;;;;;;;
;  ;  ;  ;;;;;;;;;;;;
;  ;  ;  ;;;;;;;;;;;;
;  ;  ;  ;;;;;;;;;;;;
;  ;  ;  ;;;;;;;;;;;;
;  ;  ;  ;;;;;;;;;;;;
;  ;  ;  ;;;;;;;;;;;;
;  ;  ;  ;;;;;;;;;;;;
;  ;  ;  ;;;;;;;;;;;;
;  ;  ;  ;;;;;;;;;;;;
